mean_fit_time,std_fit_time,mean_score_time,std_score_time,param_max_depth,param_max_features,param_max_leaf_nodes,param_n_estimators,params,split0_test_score,split1_test_score,split2_test_score,split3_test_score,split4_test_score,mean_test_score,std_test_score,rank_test_score
0.039727306365966795,0.001777991495410763,0.009847879409790039,0.0013040670982483256,3,sqrt,3,25,"{'max_depth': 3, 'max_features': 'sqrt', 'max_leaf_nodes': 3, 'n_estimators': 25}",0.6111111111111112,0.3888888888888889,0.4444444444444444,0.4117647058823529,0.5882352941176471,0.48888888888888893,0.09244612277777352,105
0.07473735809326172,0.0025978004022004773,0.01694488525390625,0.0010868553123043344,3,sqrt,3,50,"{'max_depth': 3, 'max_features': 'sqrt', 'max_leaf_nodes': 3, 'n_estimators': 50}",0.5555555555555556,0.5,0.5,0.47058823529411764,0.6470588235294118,0.534640522875817,0.06257465958118395,43
0.14200797080993652,0.007527696910154447,0.030130815505981446,0.0007431282976923674,3,sqrt,3,100,"{'max_depth': 3, 'max_features': 'sqrt', 'max_leaf_nodes': 3, 'n_estimators': 100}",0.5555555555555556,0.5,0.5555555555555556,0.47058823529411764,0.6470588235294118,0.5457516339869282,0.06032931115929061,23
0.3375096797943115,0.10776767786381293,0.07120289802551269,0.02395835212991887,3,sqrt,3,150,"{'max_depth': 3, 'max_features': 'sqrt', 'max_leaf_nodes': 3, 'n_estimators': 150}",0.5555555555555556,0.5,0.5,0.47058823529411764,0.6470588235294118,0.534640522875817,0.06257465958118395,43
0.044479751586914064,0.019660039105646884,0.01037297248840332,0.003313717755066233,3,sqrt,6,25,"{'max_depth': 3, 'max_features': 'sqrt', 'max_leaf_nodes': 6, 'n_estimators': 25}",0.5555555555555556,0.5555555555555556,0.3333333333333333,0.47058823529411764,0.6470588235294118,0.5124183006535947,0.10551861997704873,83
0.06961183547973633,0.0022114456790340597,0.015560722351074219,0.0008141407603368933,3,sqrt,6,50,"{'max_depth': 3, 'max_features': 'sqrt', 'max_leaf_nodes': 6, 'n_estimators': 50}",0.5555555555555556,0.5,0.3888888888888889,0.4117647058823529,0.6470588235294118,0.5006535947712418,0.09470134903019016,96
0.14560365676879883,0.0030867682206725173,0.030126667022705077,0.0003948568590589262,3,sqrt,6,100,"{'max_depth': 3, 'max_features': 'sqrt', 'max_leaf_nodes': 6, 'n_estimators': 100}",0.5555555555555556,0.5,0.5,0.47058823529411764,0.6470588235294118,0.534640522875817,0.06257465958118395,43
0.3458694934844971,0.09982598706793659,0.07221169471740722,0.021144460561911212,3,sqrt,6,150,"{'max_depth': 3, 'max_features': 'sqrt', 'max_leaf_nodes': 6, 'n_estimators': 150}",0.5555555555555556,0.5,0.3888888888888889,0.47058823529411764,0.7058823529411765,0.5241830065359477,0.10560360305932086,51
0.04189462661743164,0.0022669187470070232,0.010767078399658203,0.0009672145405296244,3,sqrt,9,25,"{'max_depth': 3, 'max_features': 'sqrt', 'max_leaf_nodes': 9, 'n_estimators': 25}",0.5555555555555556,0.5555555555555556,0.4444444444444444,0.47058823529411764,0.7058823529411765,0.54640522875817,0.0913724555153009,16
0.08098320960998535,0.0061359185578453365,0.018744993209838866,0.003635564316058788,3,sqrt,9,50,"{'max_depth': 3, 'max_features': 'sqrt', 'max_leaf_nodes': 9, 'n_estimators': 50}",0.5555555555555556,0.5,0.5,0.35294117647058826,0.7058823529411765,0.5228758169934641,0.11356385478482488,69
0.29441165924072266,0.054506774623363674,0.06323237419128418,0.007690079248552981,3,sqrt,9,100,"{'max_depth': 3, 'max_features': 'sqrt', 'max_leaf_nodes': 9, 'n_estimators': 100}",0.5555555555555556,0.5,0.4444444444444444,0.4117647058823529,0.7058823529411765,0.5235294117647059,0.10351587684682027,59
0.43183307647705077,0.11942712592622551,0.08549017906188965,0.03432651545281716,3,sqrt,9,150,"{'max_depth': 3, 'max_features': 'sqrt', 'max_leaf_nodes': 9, 'n_estimators': 150}",0.5555555555555556,0.5555555555555556,0.3888888888888889,0.5294117647058824,0.6470588235294118,0.5352941176470588,0.0834044294951596,36
0.05008025169372558,0.025430201046135654,0.010569906234741211,0.0022404169120381124,3,log2,3,25,"{'max_depth': 3, 'max_features': 'log2', 'max_leaf_nodes': 3, 'n_estimators': 25}",0.6111111111111112,0.5555555555555556,0.5555555555555556,0.47058823529411764,0.7647058823529411,0.5915032679738562,0.0975587354616747,1
0.07162313461303711,0.0016058970449072574,0.01614217758178711,0.0004060907000074208,3,log2,3,50,"{'max_depth': 3, 'max_features': 'log2', 'max_leaf_nodes': 3, 'n_estimators': 50}",0.5555555555555556,0.5,0.5,0.5294117647058824,0.6470588235294118,0.54640522875817,0.05442525691912694,16
0.13942289352416992,0.0023086086304901932,0.033701753616333006,0.0064088530757783445,3,log2,3,100,"{'max_depth': 3, 'max_features': 'log2', 'max_leaf_nodes': 3, 'n_estimators': 100}",0.5555555555555556,0.5,0.5555555555555556,0.4117647058823529,0.6470588235294118,0.5339869281045752,0.07721275516665288,48
0.40929322242736815,0.2204592891591985,0.08159112930297852,0.028633565232014938,3,log2,3,150,"{'max_depth': 3, 'max_features': 'log2', 'max_leaf_nodes': 3, 'n_estimators': 150}",0.5555555555555556,0.5555555555555556,0.3333333333333333,0.4117647058823529,0.6470588235294118,0.5006535947712418,0.11257019681888099,96
0.04568023681640625,0.009685140058406844,0.012361478805541993,0.002993457803847521,3,log2,6,25,"{'max_depth': 3, 'max_features': 'log2', 'max_leaf_nodes': 6, 'n_estimators': 25}",0.5555555555555556,0.3888888888888889,0.4444444444444444,0.5882352941176471,0.6470588235294118,0.5248366013071896,0.09470585979963377,50
0.09813756942749023,0.013062239683605424,0.024330568313598634,0.004490797817565759,3,log2,6,50,"{'max_depth': 3, 'max_features': 'log2', 'max_leaf_nodes': 6, 'n_estimators': 50}",0.6111111111111112,0.5555555555555556,0.3888888888888889,0.47058823529411764,0.7058823529411765,0.54640522875817,0.10978446761996592,16
0.1661916732788086,0.02586390652604171,0.03507871627807617,0.0031715396292541537,3,log2,6,100,"{'max_depth': 3, 'max_features': 'log2', 'max_leaf_nodes': 6, 'n_estimators': 100}",0.5555555555555556,0.5,0.3888888888888889,0.47058823529411764,0.7058823529411765,0.5241830065359477,0.10560360305932086,51
0.3764050960540771,0.1347781231734561,0.08556532859802246,0.028625026571480746,3,log2,6,150,"{'max_depth': 3, 'max_features': 'log2', 'max_leaf_nodes': 6, 'n_estimators': 150}",0.5555555555555556,0.5,0.4444444444444444,0.5294117647058824,0.6470588235294118,0.5352941176470588,0.06698629006702725,36
0.04898204803466797,0.0073136958115810075,0.01016697883605957,0.0015782174173270857,3,log2,9,25,"{'max_depth': 3, 'max_features': 'log2', 'max_leaf_nodes': 9, 'n_estimators': 25}",0.5555555555555556,0.5,0.3333333333333333,0.47058823529411764,0.5882352941176471,0.48954248366013076,0.08828127584263032,102
0.08257880210876464,0.015352503748757795,0.01875028610229492,0.004159909676943158,3,log2,9,50,"{'max_depth': 3, 'max_features': 'log2', 'max_leaf_nodes': 9, 'n_estimators': 50}",0.5555555555555556,0.5555555555555556,0.3888888888888889,0.4117647058823529,0.7058823529411765,0.5235294117647059,0.11482452944312552,59
0.1816861152648926,0.02370272663643284,0.038706064224243164,0.006143867316491131,3,log2,9,100,"{'max_depth': 3, 'max_features': 'log2', 'max_leaf_nodes': 9, 'n_estimators': 100}",0.6111111111111112,0.5,0.4444444444444444,0.5294117647058824,0.6470588235294118,0.54640522875817,0.0736969768252546,16
0.4396036148071289,0.17604098141686472,0.06962766647338867,0.02843144379604385,3,log2,9,150,"{'max_depth': 3, 'max_features': 'log2', 'max_leaf_nodes': 9, 'n_estimators': 150}",0.5555555555555556,0.5555555555555556,0.3888888888888889,0.5882352941176471,0.6470588235294118,0.5470588235294118,0.08585757842443413,12
0.0642202377319336,0.015631190786961516,0.015766143798828125,0.004566261565154915,3,,3,25,"{'max_depth': 3, 'max_features': None, 'max_leaf_nodes': 3, 'n_estimators': 25}",0.5555555555555556,0.5,0.6111111111111112,0.5294117647058824,0.6470588235294118,0.5686274509803921,0.053618677913708994,2
0.1019256591796875,0.015380708742001339,0.022339487075805665,0.00507003953902302,3,,3,50,"{'max_depth': 3, 'max_features': None, 'max_leaf_nodes': 3, 'n_estimators': 50}",0.5555555555555556,0.5,0.5555555555555556,0.4117647058823529,0.6470588235294118,0.5339869281045752,0.07721275516665288,48
0.3101712703704834,0.06329454738066817,0.06981277465820312,0.008922744370371438,3,,3,100,"{'max_depth': 3, 'max_features': None, 'max_leaf_nodes': 3, 'n_estimators': 100}",0.5555555555555556,0.5,0.5,0.4117647058823529,0.6470588235294118,0.5228758169934641,0.0773067518957775,69
0.25332393646240237,0.04357430211905553,0.05505208969116211,0.019494314966370715,3,,3,150,"{'max_depth': 3, 'max_features': None, 'max_leaf_nodes': 3, 'n_estimators': 150}",0.5555555555555556,0.5,0.5,0.5294117647058824,0.7058823529411765,0.5581699346405229,0.07670763772712892,6
0.11189303398132325,0.02478333578218067,0.025133848190307617,0.0038060679136610195,3,,6,25,"{'max_depth': 3, 'max_features': None, 'max_leaf_nodes': 6, 'n_estimators': 25}",0.5555555555555556,0.5555555555555556,0.3888888888888889,0.5294117647058824,0.5882352941176471,0.5235294117647059,0.06985824426607785,59
0.14678783416748048,0.029043001260896505,0.033124256134033206,0.00815225588965576,3,,6,50,"{'max_depth': 3, 'max_features': None, 'max_leaf_nodes': 6, 'n_estimators': 50}",0.5,0.5,0.3333333333333333,0.5294117647058824,0.7058823529411765,0.5137254901960785,0.1183963069760826,74
0.168536376953125,0.012029628992557372,0.035112619400024414,0.0036411723518433425,3,,6,100,"{'max_depth': 3, 'max_features': None, 'max_leaf_nodes': 6, 'n_estimators': 100}",0.5555555555555556,0.5,0.5,0.47058823529411764,0.6470588235294118,0.534640522875817,0.06257465958118395,43
0.46913857460021974,0.1380471835811801,0.08896760940551758,0.038988049566550616,3,,6,150,"{'max_depth': 3, 'max_features': None, 'max_leaf_nodes': 6, 'n_estimators': 150}",0.5555555555555556,0.5,0.5,0.47058823529411764,0.7058823529411765,0.54640522875817,0.08434665213072226,16
0.04946713447570801,0.003867751098222395,0.011572456359863282,0.0011956367706974017,3,,9,25,"{'max_depth': 3, 'max_features': None, 'max_leaf_nodes': 9, 'n_estimators': 25}",0.5,0.5,0.6111111111111112,0.47058823529411764,0.6470588235294118,0.5457516339869282,0.0698154258469364,23
0.15219392776489257,0.04029798877786373,0.03490691184997559,0.008271302406454684,3,,9,50,"{'max_depth': 3, 'max_features': None, 'max_leaf_nodes': 9, 'n_estimators': 50}",0.5555555555555556,0.5,0.3888888888888889,0.5294117647058824,0.7058823529411765,0.5359477124183007,0.1021993187654372,31
0.2299872875213623,0.09037102168213612,0.04548201560974121,0.014343077416041187,3,,9,100,"{'max_depth': 3, 'max_features': None, 'max_leaf_nodes': 9, 'n_estimators': 100}",0.5555555555555556,0.5,0.4444444444444444,0.5294117647058824,0.7058823529411765,0.5470588235294118,0.08758169934640525,12
0.3021728515625,0.10668051719001867,0.06404156684875488,0.0247509536602329,3,,9,150,"{'max_depth': 3, 'max_features': None, 'max_leaf_nodes': 9, 'n_estimators': 150}",0.5555555555555556,0.5,0.3888888888888889,0.47058823529411764,0.7058823529411765,0.5241830065359477,0.10560360305932086,51
0.08517875671386718,0.006977449962228709,0.02313199043273926,0.002768435776800873,6,sqrt,3,25,"{'max_depth': 6, 'max_features': 'sqrt', 'max_leaf_nodes': 3, 'n_estimators': 25}",0.6111111111111112,0.5,0.4444444444444444,0.35294117647058826,0.6470588235294118,0.5111111111111112,0.1077658665538622,91
0.11349830627441407,0.03269180017582387,0.01894664764404297,0.0030910238363284384,6,sqrt,3,50,"{'max_depth': 6, 'max_features': 'sqrt', 'max_leaf_nodes': 3, 'n_estimators': 50}",0.5555555555555556,0.5555555555555556,0.3333333333333333,0.5294117647058824,0.6470588235294118,0.5241830065359477,0.1034580859472386,51
0.2253974437713623,0.08266477573809157,0.05406265258789063,0.022672286267635663,6,sqrt,3,100,"{'max_depth': 6, 'max_features': 'sqrt', 'max_leaf_nodes': 3, 'n_estimators': 100}",0.5555555555555556,0.5555555555555556,0.5555555555555556,0.47058823529411764,0.6470588235294118,0.5568627450980392,0.0558278601413402,10
0.36421856880187986,0.15779884913328313,0.06163477897644043,0.02404631626699225,6,sqrt,3,150,"{'max_depth': 6, 'max_features': 'sqrt', 'max_leaf_nodes': 3, 'n_estimators': 150}",0.5555555555555556,0.5555555555555556,0.5555555555555556,0.47058823529411764,0.6470588235294118,0.5568627450980392,0.0558278601413402,10
0.04707355499267578,0.0037466070617167067,0.011968088150024415,0.0022802612930611726,6,sqrt,6,25,"{'max_depth': 6, 'max_features': 'sqrt', 'max_leaf_nodes': 6, 'n_estimators': 25}",0.5555555555555556,0.5,0.6111111111111112,0.47058823529411764,0.5882352941176471,0.5450980392156863,0.05275121248099628,30
0.13544120788574218,0.02468727424132118,0.03150672912597656,0.006870631642173597,6,sqrt,6,50,"{'max_depth': 6, 'max_features': 'sqrt', 'max_leaf_nodes': 6, 'n_estimators': 50}",0.5555555555555556,0.5,0.4444444444444444,0.4117647058823529,0.7058823529411765,0.5235294117647059,0.10351587684682027,59
0.23197922706604004,0.07504667535550512,0.04629054069519043,0.021478348427096516,6,sqrt,6,100,"{'max_depth': 6, 'max_features': 'sqrt', 'max_leaf_nodes': 6, 'n_estimators': 100}",0.5555555555555556,0.5,0.4444444444444444,0.4117647058823529,0.6470588235294118,0.5117647058823529,0.08353749181004164,87
0.3594200611114502,0.1444333678459779,0.08338642120361328,0.04324258690079058,6,sqrt,6,150,"{'max_depth': 6, 'max_features': 'sqrt', 'max_leaf_nodes': 6, 'n_estimators': 150}",0.5555555555555556,0.5,0.4444444444444444,0.5294117647058824,0.6470588235294118,0.5352941176470588,0.06698629006702725,36
0.0670273780822754,0.02470055902996786,0.01356348991394043,0.00566061989172081,6,sqrt,9,25,"{'max_depth': 6, 'max_features': 'sqrt', 'max_leaf_nodes': 9, 'n_estimators': 25}",0.6111111111111112,0.5555555555555556,0.2777777777777778,0.47058823529411764,0.7647058823529411,0.5359477124183007,0.16080291087516663,31
0.07659406661987304,0.004203966249493137,0.016954517364501952,0.0012561718182145965,6,sqrt,9,50,"{'max_depth': 6, 'max_features': 'sqrt', 'max_leaf_nodes': 9, 'n_estimators': 50}",0.5,0.5,0.3888888888888889,0.47058823529411764,0.7058823529411765,0.5130718954248367,0.10463641996749097,75
0.16593647003173828,0.0402641677367795,0.037313413619995114,0.013761212496343482,6,sqrt,9,100,"{'max_depth': 6, 'max_features': 'sqrt', 'max_leaf_nodes': 9, 'n_estimators': 100}",0.5,0.5,0.4444444444444444,0.47058823529411764,0.7058823529411765,0.5241830065359477,0.09318253686523814,51
0.36761746406555174,0.15696945559717282,0.07300419807434082,0.03753701650560981,6,sqrt,9,150,"{'max_depth': 6, 'max_features': 'sqrt', 'max_leaf_nodes': 9, 'n_estimators': 150}",0.5,0.5,0.4444444444444444,0.47058823529411764,0.7058823529411765,0.5241830065359477,0.09318253686523814,51
0.03670134544372559,0.0003990652598506682,0.009773874282836914,0.0007461365500564174,6,log2,3,25,"{'max_depth': 6, 'max_features': 'log2', 'max_leaf_nodes': 3, 'n_estimators': 25}",0.5555555555555556,0.5555555555555556,0.5555555555555556,0.5294117647058824,0.6470588235294118,0.5686274509803921,0.040501786627005675,2
0.07236223220825196,0.0034884803840026443,0.019745922088623045,0.007124427265689624,6,log2,3,50,"{'max_depth': 6, 'max_features': 'log2', 'max_leaf_nodes': 3, 'n_estimators': 50}",0.5555555555555556,0.4444444444444444,0.6111111111111112,0.47058823529411764,0.6470588235294118,0.5457516339869282,0.07815856694837517,23
0.31613955497741697,0.056233880387588454,0.06462578773498535,0.011534571906639863,6,log2,3,100,"{'max_depth': 6, 'max_features': 'log2', 'max_leaf_nodes': 3, 'n_estimators': 100}",0.5555555555555556,0.5,0.5555555555555556,0.47058823529411764,0.6470588235294118,0.5457516339869282,0.06032931115929061,23
0.42703804969787595,0.15567560904397043,0.09876294136047363,0.03697063233988438,6,log2,3,150,"{'max_depth': 6, 'max_features': 'log2', 'max_leaf_nodes': 3, 'n_estimators': 150}",0.5555555555555556,0.5,0.5,0.4117647058823529,0.6470588235294118,0.5228758169934641,0.0773067518957775,69
0.04985866546630859,0.005953797647126463,0.011369991302490234,0.002238774199964183,6,log2,6,25,"{'max_depth': 6, 'max_features': 'log2', 'max_leaf_nodes': 6, 'n_estimators': 25}",0.5,0.4444444444444444,0.16666666666666666,0.5294117647058824,0.6470588235294118,0.45751633986928103,0.1597902208864198,108
0.09056315422058106,0.0037578388423347452,0.02093162536621094,0.0018968174931454462,6,log2,6,50,"{'max_depth': 6, 'max_features': 'log2', 'max_leaf_nodes': 6, 'n_estimators': 50}",0.5555555555555556,0.5,0.4444444444444444,0.5294117647058824,0.7058823529411765,0.5470588235294118,0.08758169934640525,12
0.24295525550842284,0.07038399193115943,0.048271465301513675,0.013419053964734213,6,log2,6,100,"{'max_depth': 6, 'max_features': 'log2', 'max_leaf_nodes': 6, 'n_estimators': 100}",0.6111111111111112,0.5,0.4444444444444444,0.5882352941176471,0.6470588235294118,0.5581699346405229,0.07473306763528573,6
0.295197057723999,0.09851906890294815,0.06442642211914062,0.03462193202984852,6,log2,6,150,"{'max_depth': 6, 'max_features': 'log2', 'max_leaf_nodes': 6, 'n_estimators': 150}",0.5,0.5,0.3888888888888889,0.47058823529411764,0.7058823529411765,0.5130718954248367,0.10463641996749097,75
0.03869938850402832,0.0019327648009576726,0.00977339744567871,0.00039847642845019187,6,log2,9,25,"{'max_depth': 6, 'max_features': 'log2', 'max_leaf_nodes': 9, 'n_estimators': 25}",0.4444444444444444,0.5,0.4444444444444444,0.47058823529411764,0.5882352941176471,0.48954248366013076,0.05343512009403843,102
0.13144235610961913,0.03416807454750115,0.034824800491333005,0.010938082746895816,6,log2,9,50,"{'max_depth': 6, 'max_features': 'log2', 'max_leaf_nodes': 9, 'n_estimators': 50}",0.5,0.5555555555555556,0.3333333333333333,0.47058823529411764,0.7058823529411765,0.5130718954248367,0.12104744560426234,75
0.2307680606842041,0.0730324019213539,0.04729456901550293,0.01539151618334458,6,log2,9,100,"{'max_depth': 6, 'max_features': 'log2', 'max_leaf_nodes': 9, 'n_estimators': 100}",0.5,0.5555555555555556,0.3888888888888889,0.4117647058823529,0.6470588235294118,0.5006535947712418,0.09470134903019016,96
0.3311147689819336,0.11306526613580117,0.06462092399597168,0.023802408746908067,6,log2,9,150,"{'max_depth': 6, 'max_features': 'log2', 'max_leaf_nodes': 9, 'n_estimators': 150}",0.5,0.5,0.3888888888888889,0.47058823529411764,0.6470588235294118,0.5013071895424837,0.083460750980104,92
0.08597073554992676,0.007875651174096523,0.02074322700500488,0.004763966439119771,6,,3,25,"{'max_depth': 6, 'max_features': None, 'max_leaf_nodes': 3, 'n_estimators': 25}",0.5555555555555556,0.5,0.5,0.35294117647058826,0.7058823529411765,0.5228758169934641,0.11356385478482488,69
0.07320156097412109,0.0016305476891581164,0.01696486473083496,0.0010961688578066473,6,,3,50,"{'max_depth': 6, 'max_features': None, 'max_leaf_nodes': 3, 'n_estimators': 50}",0.6111111111111112,0.5,0.4444444444444444,0.5294117647058824,0.6470588235294118,0.54640522875817,0.0736969768252546,16
0.146812105178833,0.00283711484863782,0.030905485153198242,0.0012723385767070355,6,,3,100,"{'max_depth': 6, 'max_features': None, 'max_leaf_nodes': 3, 'n_estimators': 100}",0.5555555555555556,0.5,0.5555555555555556,0.47058823529411764,0.7058823529411765,0.5575163398692811,0.08109844376076394,8
0.367216157913208,0.09217380512838805,0.07678780555725098,0.027079779738159063,6,,3,150,"{'max_depth': 6, 'max_features': None, 'max_leaf_nodes': 3, 'n_estimators': 150}",0.5555555555555556,0.5,0.5555555555555556,0.47058823529411764,0.6470588235294118,0.5457516339869282,0.06032931115929061,23
0.042485952377319336,0.004395035281329491,0.010970783233642579,0.0014106044563365163,6,,6,25,"{'max_depth': 6, 'max_features': None, 'max_leaf_nodes': 6, 'n_estimators': 25}",0.5,0.5555555555555556,0.4444444444444444,0.47058823529411764,0.7058823529411765,0.5352941176470589,0.09294843835101271,34
0.08457121849060059,0.003873120772269065,0.018160581588745117,0.000978246148789211,6,,6,50,"{'max_depth': 6, 'max_features': None, 'max_leaf_nodes': 6, 'n_estimators': 50}",0.5,0.5555555555555556,0.5,0.4117647058823529,0.7058823529411765,0.5346405228758171,0.0972209864259351,42
0.3053899765014648,0.045702286097272914,0.06262650489807128,0.013398192460361596,6,,6,100,"{'max_depth': 6, 'max_features': None, 'max_leaf_nodes': 6, 'n_estimators': 100}",0.5555555555555556,0.5,0.3888888888888889,0.47058823529411764,0.6470588235294118,0.5124183006535947,0.08620020567351983,83
0.3349025726318359,0.08235814450228453,0.07459859848022461,0.03005765353514999,6,,6,150,"{'max_depth': 6, 'max_features': None, 'max_leaf_nodes': 6, 'n_estimators': 150}",0.5,0.5,0.4444444444444444,0.4117647058823529,0.7058823529411765,0.5124183006535948,0.10245814675085035,81
0.08655695915222168,0.007214448007582232,0.0201596736907959,0.0014786199559303442,6,,9,25,"{'max_depth': 6, 'max_features': None, 'max_leaf_nodes': 9, 'n_estimators': 25}",0.5,0.5,0.2777777777777778,0.35294117647058826,0.7058823529411765,0.4673202614379085,0.1470079795911768,106
0.12506027221679689,0.054874478381180404,0.027722597122192383,0.012388846504633035,6,,9,50,"{'max_depth': 6, 'max_features': None, 'max_leaf_nodes': 9, 'n_estimators': 50}",0.5,0.5,0.3333333333333333,0.4117647058823529,0.7058823529411765,0.4901960784313726,0.12447506076944222,101
0.14799928665161133,0.002554271567302531,0.031121444702148438,0.0013217743374166677,6,,9,100,"{'max_depth': 6, 'max_features': None, 'max_leaf_nodes': 9, 'n_estimators': 100}",0.5,0.5555555555555556,0.4444444444444444,0.47058823529411764,0.6470588235294118,0.5235294117647059,0.07196669076340291,59
0.36483068466186525,0.09296885741041236,0.07897601127624512,0.02089466364810107,6,,9,150,"{'max_depth': 6, 'max_features': None, 'max_leaf_nodes': 9, 'n_estimators': 150}",0.5,0.5555555555555556,0.4444444444444444,0.47058823529411764,0.6470588235294118,0.5235294117647059,0.07196669076340291,59
0.04228687286376953,0.008310891033009552,0.009574413299560547,0.0007979274094394169,9,sqrt,3,25,"{'max_depth': 9, 'max_features': 'sqrt', 'max_leaf_nodes': 3, 'n_estimators': 25}",0.5555555555555556,0.5555555555555556,0.2777777777777778,0.4117647058823529,0.6470588235294118,0.48954248366013065,0.12993884871080302,104
0.07441153526306152,0.00100737481383048,0.016153573989868164,0.0007377006341890767,9,sqrt,3,50,"{'max_depth': 9, 'max_features': 'sqrt', 'max_leaf_nodes': 3, 'n_estimators': 50}",0.5555555555555556,0.5,0.4444444444444444,0.5294117647058824,0.6470588235294118,0.5352941176470588,0.06698629006702725,36
0.27446660995483396,0.0644904660299702,0.06682090759277344,0.018218122068856514,9,sqrt,3,100,"{'max_depth': 9, 'max_features': 'sqrt', 'max_leaf_nodes': 3, 'n_estimators': 100}",0.5555555555555556,0.5,0.4444444444444444,0.4117647058823529,0.6470588235294118,0.5117647058823529,0.08353749181004164,87
0.22619290351867677,0.017780255604660622,0.044283151626586914,0.0010298487695503044,9,sqrt,3,150,"{'max_depth': 9, 'max_features': 'sqrt', 'max_leaf_nodes': 3, 'n_estimators': 150}",0.5555555555555556,0.5,0.6111111111111112,0.47058823529411764,0.7058823529411765,0.5686274509803921,0.0838284662639259,2
0.03870511054992676,0.0011544830475120331,0.011361837387084961,0.0048174130584259,9,sqrt,6,25,"{'max_depth': 9, 'max_features': 'sqrt', 'max_leaf_nodes': 6, 'n_estimators': 25}",0.5,0.5,0.3333333333333333,0.35294117647058826,0.6470588235294118,0.4666666666666667,0.11443322714835195,107
0.16615591049194336,0.00977259774611504,0.04048542976379395,0.006505793733374559,9,sqrt,6,50,"{'max_depth': 9, 'max_features': 'sqrt', 'max_leaf_nodes': 6, 'n_estimators': 50}",0.5555555555555556,0.5,0.3333333333333333,0.47058823529411764,0.6470588235294118,0.5013071895424837,0.10329279092882832,92
0.2090383529663086,0.07291781741693418,0.03971147537231445,0.01190488345897658,9,sqrt,6,100,"{'max_depth': 9, 'max_features': 'sqrt', 'max_leaf_nodes': 6, 'n_estimators': 100}",0.5,0.5,0.4444444444444444,0.47058823529411764,0.7058823529411765,0.5241830065359477,0.09318253686523814,51
0.4208677291870117,0.1301664222422479,0.07559719085693359,0.02763307645047318,9,sqrt,6,150,"{'max_depth': 9, 'max_features': 'sqrt', 'max_leaf_nodes': 6, 'n_estimators': 150}",0.5555555555555556,0.5,0.3888888888888889,0.47058823529411764,0.6470588235294118,0.5124183006535947,0.08620020567351983,83
0.0869678020477295,0.030489439812460245,0.019353389739990234,0.0024117586436968735,9,sqrt,9,25,"{'max_depth': 9, 'max_features': 'sqrt', 'max_leaf_nodes': 9, 'n_estimators': 25}",0.5,0.5,0.5,0.5294117647058824,0.7058823529411765,0.5470588235294118,0.08022459821756388,12
0.12366976737976074,0.019421375103263278,0.024333953857421875,0.004213074962897163,9,sqrt,9,50,"{'max_depth': 9, 'max_features': 'sqrt', 'max_leaf_nodes': 9, 'n_estimators': 50}",0.5555555555555556,0.5555555555555556,0.3888888888888889,0.4117647058823529,0.7058823529411765,0.5235294117647059,0.11482452944312552,59
0.3332990169525146,0.08005078485384981,0.06143937110900879,0.01883599951684719,9,sqrt,9,100,"{'max_depth': 9, 'max_features': 'sqrt', 'max_leaf_nodes': 9, 'n_estimators': 100}",0.5,0.5555555555555556,0.3888888888888889,0.47058823529411764,0.7058823529411765,0.5241830065359477,0.10560360305932086,51
0.33231263160705565,0.0951685548749512,0.06761550903320312,0.023406988941374964,9,sqrt,9,150,"{'max_depth': 9, 'max_features': 'sqrt', 'max_leaf_nodes': 9, 'n_estimators': 150}",0.5,0.5,0.3888888888888889,0.47058823529411764,0.7058823529411765,0.5130718954248367,0.10463641996749097,75
0.08057150840759278,0.0007328844038013975,0.020558834075927734,0.0005026771320486431,9,log2,3,25,"{'max_depth': 9, 'max_features': 'log2', 'max_leaf_nodes': 3, 'n_estimators': 25}",0.5555555555555556,0.5,0.4444444444444444,0.5294117647058824,0.6470588235294118,0.5352941176470588,0.06698629006702725,36
0.08914666175842285,0.032725658624758985,0.017160892486572266,0.000986729594271824,9,log2,3,50,"{'max_depth': 9, 'max_features': 'log2', 'max_leaf_nodes': 3, 'n_estimators': 50}",0.6666666666666666,0.5555555555555556,0.4444444444444444,0.5294117647058824,0.6470588235294118,0.5686274509803921,0.08110897807837161,2
0.14738569259643555,0.004731171732342242,0.03432159423828125,0.004923067111452789,9,log2,3,100,"{'max_depth': 9, 'max_features': 'log2', 'max_leaf_nodes': 3, 'n_estimators': 100}",0.5555555555555556,0.5,0.5,0.4117647058823529,0.6470588235294118,0.5228758169934641,0.0773067518957775,69
0.3630221366882324,0.12274958342689277,0.07541098594665527,0.025741965078564435,9,log2,3,150,"{'max_depth': 9, 'max_features': 'log2', 'max_leaf_nodes': 3, 'n_estimators': 150}",0.5555555555555556,0.5,0.5,0.47058823529411764,0.6470588235294118,0.534640522875817,0.06257465958118395,43
0.03791494369506836,0.0006198136651511515,0.01015019416809082,0.0007401207794157335,9,log2,6,25,"{'max_depth': 9, 'max_features': 'log2', 'max_leaf_nodes': 6, 'n_estimators': 25}",0.6111111111111112,0.5,0.4444444444444444,0.5294117647058824,0.6470588235294118,0.54640522875817,0.0736969768252546,16
0.07422103881835937,0.00223526816157803,0.016742134094238283,0.0007425448043745472,9,log2,6,50,"{'max_depth': 9, 'max_features': 'log2', 'max_leaf_nodes': 6, 'n_estimators': 50}",0.5555555555555556,0.5,0.4444444444444444,0.47058823529411764,0.6470588235294118,0.5235294117647059,0.07196669076340291,59
0.26708087921142576,0.08304559511356432,0.05844235420227051,0.013782786013471694,9,log2,6,100,"{'max_depth': 9, 'max_features': 'log2', 'max_leaf_nodes': 6, 'n_estimators': 100}",0.5,0.5,0.5,0.4117647058823529,0.6470588235294118,0.5117647058823529,0.07578881603955957,87
0.2609147548675537,0.0672424308277022,0.04567971229553223,0.0009775226825404412,9,log2,6,150,"{'max_depth': 9, 'max_features': 'log2', 'max_leaf_nodes': 6, 'n_estimators': 150}",0.5555555555555556,0.5,0.3333333333333333,0.5294117647058824,0.6470588235294118,0.5130718954248366,0.10247065410335171,80
0.06203608512878418,0.01936824034491279,0.01634969711303711,0.0048635475658622826,9,log2,9,25,"{'max_depth': 9, 'max_features': 'log2', 'max_leaf_nodes': 9, 'n_estimators': 25}",0.5,0.6111111111111112,0.5,0.4117647058823529,0.7058823529411765,0.5457516339869282,0.10203198452504918,23
0.17132062911987306,0.009541047745308284,0.037705516815185545,0.0015895971597398469,9,log2,9,50,"{'max_depth': 9, 'max_features': 'log2', 'max_leaf_nodes': 9, 'n_estimators': 50}",0.5555555555555556,0.5555555555555556,0.3333333333333333,0.4117647058823529,0.7058823529411765,0.5124183006535948,0.12911433437768105,81
0.21122894287109376,0.049557078805588024,0.041096067428588866,0.006221886294407413,9,log2,9,100,"{'max_depth': 9, 'max_features': 'log2', 'max_leaf_nodes': 9, 'n_estimators': 100}",0.5,0.4444444444444444,0.4444444444444444,0.47058823529411764,0.6470588235294118,0.5013071895424837,0.07570422083958307,92
0.40492920875549315,0.12099041724916103,0.08795242309570313,0.024939889550603396,9,log2,9,150,"{'max_depth': 9, 'max_features': 'log2', 'max_leaf_nodes': 9, 'n_estimators': 150}",0.5,0.5,0.3888888888888889,0.47058823529411764,0.6470588235294118,0.5013071895424837,0.083460750980104,92
0.04487996101379395,0.003562333640318035,0.009973287582397461,0.0010931458623954168,9,,3,25,"{'max_depth': 9, 'max_features': None, 'max_leaf_nodes': 3, 'n_estimators': 25}",0.6111111111111112,0.5,0.5,0.47058823529411764,0.7058823529411765,0.5575163398692811,0.08838283476814013,8
0.07898187637329102,0.00796327071081724,0.016556739807128906,0.0010178690783317133,9,,3,50,"{'max_depth': 9, 'max_features': None, 'max_leaf_nodes': 3, 'n_estimators': 50}",0.5555555555555556,0.5,0.3888888888888889,0.4117647058823529,0.6470588235294118,0.5006535947712418,0.09470134903019016,96
0.2577169895172119,0.06900524609832624,0.0634228229522705,0.020524240212871376,9,,3,100,"{'max_depth': 9, 'max_features': None, 'max_leaf_nodes': 3, 'n_estimators': 100}",0.5555555555555556,0.5,0.3888888888888889,0.47058823529411764,0.6470588235294118,0.5124183006535947,0.08620020567351983,83
0.25093660354614256,0.062060289481197205,0.044268035888671876,0.00048654662132185413,9,,3,150,"{'max_depth': 9, 'max_features': None, 'max_leaf_nodes': 3, 'n_estimators': 150}",0.5555555555555556,0.5,0.4444444444444444,0.47058823529411764,0.6470588235294118,0.5235294117647059,0.07196669076340291,59
0.05205626487731933,0.0162261735505528,0.013962793350219726,0.004993037323522515,9,,6,25,"{'max_depth': 9, 'max_features': None, 'max_leaf_nodes': 6, 'n_estimators': 25}",0.5555555555555556,0.6111111111111112,0.4444444444444444,0.5294117647058824,0.5882352941176471,0.5457516339869282,0.05779788488740955,23
0.16772913932800293,0.008765368191364645,0.03512825965881348,0.0003878114760823023,9,,6,50,"{'max_depth': 9, 'max_features': None, 'max_leaf_nodes': 6, 'n_estimators': 50}",0.5555555555555556,0.5,0.3888888888888889,0.5294117647058824,0.7058823529411765,0.5359477124183007,0.1021993187654372,31
0.18789844512939452,0.0619637750108986,0.03729100227355957,0.014353051122710077,9,,6,100,"{'max_depth': 9, 'max_features': None, 'max_leaf_nodes': 6, 'n_estimators': 100}",0.5555555555555556,0.5,0.4444444444444444,0.5294117647058824,0.6470588235294118,0.5352941176470588,0.06698629006702725,36
0.3321342945098877,0.13734352756868143,0.06440615653991699,0.025174556916444497,9,,6,150,"{'max_depth': 9, 'max_features': None, 'max_leaf_nodes': 6, 'n_estimators': 150}",0.5555555555555556,0.5,0.4444444444444444,0.4117647058823529,0.6470588235294118,0.5117647058823529,0.08353749181004164,87
0.0799781322479248,0.004942151858400143,0.018756294250488283,0.005101921728065686,9,,9,25,"{'max_depth': 9, 'max_features': None, 'max_leaf_nodes': 9, 'n_estimators': 25}",0.5,0.5,0.3888888888888889,0.47058823529411764,0.7058823529411765,0.5130718954248367,0.10463641996749097,75
0.0811762809753418,0.007267620519659572,0.01735525131225586,0.0018506010326292607,9,,9,50,"{'max_depth': 9, 'max_features': None, 'max_leaf_nodes': 9, 'n_estimators': 50}",0.5,0.6111111111111112,0.3888888888888889,0.47058823529411764,0.7058823529411765,0.5352941176470589,0.11109957648702229,34
0.17872047424316406,0.04182558103600851,0.039304924011230466,0.012287907095135598,9,,9,100,"{'max_depth': 9, 'max_features': None, 'max_leaf_nodes': 9, 'n_estimators': 100}",0.5,0.5,0.2777777777777778,0.47058823529411764,0.7058823529411765,0.4908496732026144,0.13580623608847814,100
0.3863729953765869,0.09079856361883779,0.07259116172790528,0.018541331429402935,9,,9,150,"{'max_depth': 9, 'max_features': None, 'max_leaf_nodes': 9, 'n_estimators': 150}",0.5,0.5,0.5,0.47058823529411764,0.6470588235294118,0.5235294117647059,0.06280634265900772,59
